{"aa": -10.906568636975814, "ab": -3.7779123192322466, "ac": -3.0985707105411286, "ad": -3.1934988805629843, "ae": -7.532399927701578, "af": -5.053217391997466, "ag": -3.890317761840377, "ah": -7.852567455297847, "ai": -3.3709516441323615, "aj": -6.815562976019227, "ak": -4.519689317613168, "al": -2.279158740300577, "am": -3.717551853344819, "an": -1.6673881675664664, "ao": -8.472955281575363, "ap": -4.034647811002893, "aq": -9.257910011388432, "ar": -2.2681494547922085, "as": -2.35011627160746, "at": -1.906307526984639, "au": -4.638230216132654, "av": -3.8300837547191886, "aw": -5.127060451791477, "ax": -6.137580365758327, "ay": -3.747432265268227, "az": -6.675364892036516, "a ": -2.63573644804997, "ba": -2.585130458063688, "bb": -5.346597896662884, "bc": -8.354752690215433, "bd": -7.472363510016958, "be": -1.1030531597733813, "bf": -10.839659340003433, "bg": -8.89374919094812, "bh": -8.760217798323596, "bi": -2.968348136680026, "bj": -4.464634520175336, "bk": -30.0, "bl": -2.0277091624634522, "bm": -6.0947272116401825, "bn": -8.354752690215433, "bo": -2.2202706362725255, "bp": -8.642434762667213, "bq": -30.0, "br": -3.0399060217161855, "bs": -3.808801863887312, "bt": -4.7875701710790155, "bu": -2.3641218238560278, "bv": -5.733713866102852, "bw": -8.760217798323596, "bx": -30.0, "by": -2.347783956571485, "bz": -30.0, "b ": -4.631069313906804, "ca": -2.0925835060770055, "cb": -30.0, "cc": -3.996201889237442, "cd": -9.109193189971226, "ce": -1.817593748983887, "cf": -30.0, "cg": -30.0, "ch": -1.973771270947294, "ci": -2.742579568068164, "cj": -30.0, "ck": -3.452327635102776, "cl": -3.2923300766420596, "cm": -9.109193189971226, "cn": -8.549577402035803, "co": -1.6471218561485692, "cp": -10.90095265919928, "cq": -6.798309294162484, "cr": -3.350554331830965, "cs": -5.269740877377915, "ct": -2.193883186584978, "cu": -3.370472663953743, "cv": -30.0, "cw": -30.0, "cx": -30.0, "cy": -4.743973673613725, "cz": -30.0, "c ": -3.360065632067185, "da": -3.6637184368479563, "db": -7.998536988535058, "dc": -7.816215431741103, "dd": -4.775226566598992, "de": -1.8797547584172065, "df": -7.9765580818162825, "dg": -5.23291693561137, "dh": -7.261904696035374, "di": -2.361290089531403, "dj": -6.601192791228582, "dk": -10.418905117185487, "dl": -4.908505146682665, "dm": -5.7601941642693655, "dn": -7.077811659593037, "do": -3.339510129756256, "dp": -8.809467204751387, "dq": -7.797866293072906, "dr": -4.052434669454049, "ds": -3.646396987611375, "dt": -8.221680539849267, "du": -3.6073854460841748, "dv": -5.604690304262688, "dw": -7.160808579164005, "dx": -30.0, "dy": -4.618298457893746, "dz": -30.0, "d ": -0.5483282281066177, "ea": -3.0524026769508144, "eb": -6.737626542347309, "ec": -3.48928766674333, "ed": -2.5071569781412144, "ee": -3.662671195972825, "ef": -4.600232468736037, "eg": -4.977933948915917, "eh": -6.5251910053055715, "ei": -4.526041404907222, "ej": -8.187014052826964, "ek": -6.66718829908255, "el": -3.4366891115106757, "em": -3.7280847353957736, "en": -2.425121236605431, "eo": -5.579666697108598, "ep": -4.572242570866749, "eq": -5.656256060113706, "er": -2.0985791310806707, "es": -2.5027770956653566, "et": -3.6544145596737074, "eu": -7.1082043914550335, "ev": -4.112186444423882, "ew": -4.909393770963179, "ex": -4.320023574455416, "ey": -4.8620384897949105, "ez": -8.547296938141894, "e ": -1.0651847985051166, "fa": -2.88329078581169, "fb": -9.056034680135184, "fc": -10.665472592569284, "fd": -10.26000748446112, "fe": -2.589734446994367, "ff": -3.0389023862786235, "fg": -30.0, "fh": -10.26000748446112, "fi": -2.3914981168983065, "fj": -10.665472592569284, "fk": -30.0, "fl": -3.9056374436637693, "fm": -11.358619773129229, "fn": -10.665472592569284, "fo": -1.7884394710711575, "fp": -10.665472592569284, "fq": -30.0, "fr": -2.7327515650873355, "fs": -6.815324990859225, "ft": -3.7008645019943636, "fu": -3.4389000122046545, "fv": -30.0, "fw": -9.056034680135184, "fx": -30.0, "fy": -5.809543688234009, "fz": -30.0, "f ": -0.8772275555454332, "ga": -2.7896522220489572, "gb": -9.67311480846205, "gc": -30.0, "gd": -8.014886731858518, "ge": -1.8853179302808787, "gf": -7.727204659406736, "gg": -4.414318200076296, "gh": -2.238709770367036, "gi": -2.7761677281965156, "gj": -30.0, "gk": -30.0, "gl": -3.9886850623216636, "gm": -5.707551036105873, "gn": -3.552817389511099, "go": -2.998553416647624, "gp": -9.113499020526627, "gq": -30.0, "gr": -2.4771775819864796, "gs": -3.7575868274440083, "gt": -5.272511788215232, "gu": -3.5310774028746934, "gv": -30.0, "gw": -11.05940916958194, "gx": -30.0, "gy": -4.995623960894332, "gz": -30.0, "g ": -1.032819419911828, "ha": -1.8873646911915056, "hb": -7.049345614187411, "hc": -9.440726205964587, "hd": -8.208582524671955, "he": -0.7276960607367311, "hf": -8.090799489015572, "hg": -10.00034199390001, "hh": -9.135344556413406, "hi": -2.0922306079260498, "hj": -30.0, "hk": -30.0, "hl": -6.218997312113981, "hm": -6.791516504885311, "hn": -6.118778195956573, "ho": -2.5668232187876754, "hp": -9.18941177768368, "hq": -9.371733334477636, "hr": -4.47788157570468, "hs": -6.15820511593603, "ht": -3.8187737495560192, "hu": -4.661602712853059, "hv": -30.0, "hw": -7.416344441467779, "hx": -30.0, "hy": -5.01759190329329, "hz": -30.0, "h ": -2.243986132013669, "ia": -3.8356811705375655, "ib": -4.5791246656646285, "ic": -2.633102872085363, "id": -3.3903904764595705, "ie": -3.240858742488607, "if": -3.913512155182234, "ig": -3.5510695820054536, "ih": -9.207620676956216, "ii": -9.536124743928251, "ij": -9.593283157768202, "ik": -5.254071924699572, "il": -3.009141960463909, "im": -3.3019319068696387, "in": -1.3184013464895443, "io": -2.463278845080522, "ip": -4.652060991521459, "iq": -6.499570475854006, "ir": -3.3610663016440423, "is": -2.101572071670425, "it": -2.111628040750821, "iu": -6.802478995637078, "iv": -3.503305011138357, "iw": -11.733349321264471, "ix": -6.332926731779281, "iy": -30.0, "iz": -4.8539935168040325, "i ": -7.36390146879745, "ja": -2.7878181457571207, "jb": -30.0, "jc": -30.0, "jd": -30.0, "je": -1.3231995857213938, "jf": -30.0, "jg": -30.0, "jh": -30.0, "ji": -5.25502521844572, "jj": -30.0, "jk": -30.0, "jl": -30.0, "jm": -30.0, "jn": -30.0, "jo": -1.286721377118984, "jp": -30.0, "jq": -30.0, "jr": -30.0, "js": -30.0, "jt": -30.0, "ju": -0.9403480695150597, "jv": -30.0, "jw": -30.0, "jx": -30.0, "jy": -30.0, "jz": -30.0, "j ": -8.19946419761216, "ka": -4.525723155785776, "kb": -6.843974365524222, "kc": -8.689801056022553, "kd": -6.652919128761512, "ke": -1.0311014977542534, "kf": -5.856587711966336, "kg": -5.568905639514555, "kh": -6.177495432046438, "ki": -2.009783197364852, "kj": -30.0, "kk": -7.9966538754626075, "kl": -4.2200688409295655, "km": -6.652919128761512, "kn": -2.444987115543295, "ko": -5.710875900784942, "kp": -6.792681071136672, "kq": -30.0, "kr": -6.792681071136672, "ks": -2.726221712404106, "kt": -6.233065283201249, "ku": -6.2620528200745005, "kv": -30.0, "kw": -5.81812143113854, "kx": -30.0, "ky": -4.617929349652511, "kz": -30.0, "k ": -1.2157854463863238, "la": -2.388382577987482, "lb": -7.512187814633046, "lc": -6.496957134903988, "ld": -2.855817671946564, "le": -1.8138870035460837, "lf": -4.632240574072766, "lg": -7.38702467167904, "lh": -8.785153490445934, "li": -2.1293454930153217, "lj": -30.0, "lk": -5.403187470711666, "ll": -2.144717589396693, "lm": -5.354243211465266, "ln": -7.093477479774861, "lo": -2.6269645833576654, "lp": -5.589400082998587, "lq": -11.829675928169356, "lr": -6.096334651271611, "ls": -3.6162941911347843, "lt": -3.869352299020517, "lu": -3.6535655859320144, "lv": -5.063484213509006, "lw": -5.905420130754824, "lx": -30.0, "ly": -2.342310063929922, "lz": -11.829675928169356, "l ": -1.7605468265904776, "ma": -1.7736292353704535, "mb": -3.5188941772230864, "mc": -8.854427042697267, "md": -10.646186511925322, "me": -1.3717921111590332, "mf": -6.685373342327744, "mg": -9.259892150805431, "mh": -8.774384335023731, "mi": -2.328908745704087, "mj": -30.0, "mk": -30.0, "ml": -6.603135244090772,